old_release,new_release,metric,inserted,deleted,updated,unchanged,median_abs_rel_change,median_ratio,p10_ratio,p90_ratio,share_updated,looks_like_rescaling
2024-09-05,2025-07-17,biofuel_consumption,3776,0,150,1676,0.05314164827074403,0.9994146369033082,0.808720555306762,1.1804505500465574,0.08214676889375684,false
2024-09-05,2025-07-17,biofuel_electricity,212,41,235,4993,0.11883802816901402,1.004319105691057,0.8711927962634236,1.2518633540372672,0.04495026778882938,false
2024-09-05,2025-07-17,coal_consumption,382,0,195,3888,0.02186045975288418,1.0000779821363701,0.8929637802237749,1.0823321612833523,0.04775900073475386,false
2024-09-05,2025-07-17,coal_electricity,185,11,235,5382,0.03941441441441437,0.9961636183570518,0.8941148720367968,1.0954508363933089,0.04183727968666548,false
2024-09-05,2025-07-17,electricity_demand,186,5,736,4557,0.01825396825396826,1.0019869492456657,0.9793067995190072,1.1382837710025595,0.13905157755526168,false
2024-09-05,2025-07-17,electricity_generation,184,5,723,5446,0.017883755588673667,1.0007501071581655,0.9794660564454616,1.100430893004062,0.11719889771437834,false
2024-09-05,2025-07-17,fossil_fuel_consumption,836,0,751,2878,0.004987395491394407,1.001837813002527,0.9943540926859837,1.0226125886238837,0.2069440617249931,false
2024-09-05,2025-07-17,gas_consumption,581,0,257,3627,0.0022250118222084427,1.000016677823838,0.9772378976875432,1.0260031670070577,0.06616889804325438,false
2024-09-05,2025-07-17,gas_electricity,181,9,272,5281,0.04645199522590082,1.002906976744186,0.8928945320789419,1.137385690690508,0.048982531964703764,false
2024-09-05,2025-07-17,gdp,30,25,0,11529,,,,,0.0,false
2024-09-05,2025-07-17,greenhouse_gas_emissions,184,335,640,4323,0.029814537004246782,1.0047152018106376,0.9792862141357592,1.0809716599190282,0.12895426153536169,false
2024-09-05,2025-07-17,hydro_consumption,326,0,3777,362,0.06060570197758495,0.939394319338537,0.9389045114752603,0.9402826765550018,0.9125392606909881,true
2024-09-05,2025-07-17,hydro_electricity,319,0,344,6991,0.05970149253731329,0.9984848484848485,0.9341527655838455,1.1624685138539044,0.046898432174505796,false
2024-09-05,2025-07-17,low_carbon_consumption,326,0,3846,293,0.05549439804302889,0.9453281104659412,0.9393666178293701,0.9756098173016743,0.929209954095192,false
2024-09-05,2025-07-17,low_carbon_electricity,1144,5,629,5900,0.04988038277511955,1.0007250119306463,0.9397675255780467,1.1548424444938523,0.09633940879154541,false
2024-09-05,2025-07-17,net_elec_imports,186,5,152,5141,0.20645161290322583,0.9776303285260131,-0.0,1.1708810017597904,0.02871717362554317,false
2024-09-05,2025-07-17,nuclear_consumption,295,57,1481,4083,0.021052380611782554,0.9789477373198291,0.9783270218197473,0.9799017985784673,0.26617541337167505,true
2024-09-05,2025-07-17,nuclear_electricity,334,83,30,7938,0.0013417435776358485,1.000232888197373,0.9867634076322849,1.0107388052468338,0.0037650602409638554,false
2024-09-05,2025-07-17,oil_consumption,87,0,734,3644,0.005401845001267912,1.0021450765212747,0.9932960170952838,1.0433093639189346,0.1676564641388762,false
2024-09-05,2025-07-17,oil_electricity,187,1,375,5296,0.14285714285714285,1.0079575596816976,0.7641370047011417,1.506578947368421,0.06612590372068418,false
2024-09-05,2025-07-17,other_renewable_consumption,728,0,2412,1325,0.021065566575967715,0.9790050286155088,0.9787915425323681,1.1013385313721908,0.6454375167246454,false
2024-09-05,2025-07-17,other_renewable_exc_biofuel_electricity,164,2,43,4660,0.13217703349282292,0.9914024717893606,0.9091688089117395,1.0258064516129033,0.009143100148841165,false
2024-09-05,2025-07-17,population,371,57,12069,4556,0.006688509636885702,1.000107320560685,0.981881436655049,1.0220092012835407,0.7259548872180451,false
2024-09-05,2025-07-17,primary_energy_consumption,365,0,4800,5190,0.06295575736825484,0.9431105789077909,0.6971816179837721,1.005762427820491,0.4804804804804805,false
2024-09-05,2025-07-17,renewables_consumption,326,0,3839,300,0.05958159499358154,0.9404309252217998,0.9393371757925072,0.9627709413454931,0.9275187243295482,false
2024-09-05,2025-07-17,renewables_electricity,1144,5,628,5901,0.0574074074074075,1.0011705685618728,0.9384571683426958,1.1722657387678772,0.09618624597947618,false
2024-09-05,2025-07-17,solar_consumption,999,0,1311,2155,0.060509554140127444,0.939929816950291,0.9383581069005975,0.9424628052343968,0.3782458165031737,true
2024-09-05,2025-07-17,solar_electricity,1090,18,353,6212,0.2182539682539683,1.0004840253247071,0.9112049062049064,1.1666405504003137,0.05376999238385377,false
2024-09-05,2025-07-17,wind_consumption,941,0,1610,1914,0.06057441253263703,0.9396023220248868,0.9384638312038054,0.9415129201435825,0.4568671963677639,true
2024-09-05,2025-07-17,wind_electricity,1043,60,211,6341,0.06207191780821923,1.0047642940768882,0.9385964912280702,1.113267617812365,0.0322039072039072,false
2025-07-17,2026-04-27,biofuel_consumption,0,0,0,5602,,,,,0.0,false
2025-07-17,2026-04-27,biofuel_electricity,238,2,221,5217,0.11653234589414074,0.9978991596638656,0.6639999999999999,1.0599270453361125,0.04063994115483634,false
2025-07-17,2026-04-27,coal_consumption,0,0,0,4465,,,,,0.0,false
2025-07-17,2026-04-27,coal_electricity,232,27,170,5605,0.03578401793710587,0.9969571352972305,0.8012949056220824,1.054630356966109,0.02943722943722944,false
2025-07-17,2026-04-27,electricity_demand,240,2,484,4993,0.011012427238288745,1.0000963483957992,0.9619787345586326,1.0295474830879083,0.08836954537155377,false
2025-07-17,2026-04-27,electricity_generation,226,2,482,5869,0.010530377396425858,1.0000920556015833,0.9612147600870004,1.0226140833300992,0.07589356006928043,false
2025-07-17,2026-04-27,fossil_fuel_consumption,0,0,0,4465,,,,,0.0,false
2025-07-17,2026-04-27,gas_consumption,0,0,0,4465,,,,,0.0,false
2025-07-17,2026-04-27,gas_electricity,228,53,192,5489,0.02061410401513926,1.001071155317521,0.8743380295341103,1.0680003832582057,0.03379686674881183,false
2025-07-17,2026-04-27,gdp,0,0,0,11559,,,,,0.0,false
2025-07-17,2026-04-27,greenhouse_gas_emissions,240,0,770,4377,0.002779709473033537,0.9999457200238833,0.9731543624161073,1.0281689027561103,0.14960170973382553,false
2025-07-17,2026-04-27,hydro_consumption,0,0,0,4465,,,,,0.0,false
2025-07-17,2026-04-27,hydro_electricity,225,77,185,7392,0.03061224489795921,1.0013408159718344,0.931312028582771,1.0754441527463658,0.024415995776692623,false
2025-07-17,2026-04-27,low_carbon_consumption,0,0,0,4465,,,,,0.0,false
2025-07-17,2026-04-27,low_carbon_electricity,226,2,420,7251,0.01859974259974252,1.0000608778520204,0.9486819743873751,1.0355263157894736,0.05475166210402816,false
2025-07-17,2026-04-27,net_elec_imports,240,2,138,5339,0.18198529411764705,1.0001407656171535,0.6254321393361817,1.2584224445210996,0.02519627533321161,false
2025-07-17,2026-04-27,nuclear_consumption,0,0,0,5859,,,,,0.0,false
2025-07-17,2026-04-27,nuclear_electricity,191,172,38,8092,0.004727336177522315,0.9992576375878814,0.9441898674826643,1.0122693096377309,0.004674046740467405,false
2025-07-17,2026-04-27,oil_consumption,0,0,0,4465,,,,,0.0,false
2025-07-17,2026-04-27,oil_electricity,235,2,268,5588,0.111111111111111,0.9987756351392715,0.6675257731958762,1.2694954128440366,0.045765027322404374,false
2025-07-17,2026-04-27,other_renewable_consumption,0,0,0,4465,,,,,0.0,false
2025-07-17,2026-04-27,other_renewable_exc_biofuel_electricity,213,25,28,4814,0.04674530362603754,1.0065147271029624,0.9541284403669724,1.0223261498553329,0.0057827344072697235,false
2025-07-17,2026-04-27,population,166,50,10977,5969,1.0438186550417933e-05,1.0000102999652831,1.0000018448277395,1.000474670405181,0.6477634840080255,false
2025-07-17,2026-04-27,primary_energy_consumption,0,0,0,10355,,,,,0.0,false
2025-07-17,2026-04-27,renewables_consumption,0,0,0,4465,,,,,0.0,false
2025-07-17,2026-04-27,renewables_electricity,226,2,418,7253,0.01937625909650089,1.0000364436784106,0.9441695126232804,1.0430341213898071,0.054490939903532785,false
2025-07-17,2026-04-27,solar_consumption,0,0,0,4465,,,,,0.0,false
2025-07-17,2026-04-27,solar_electricity,226,2,231,7422,0.1052631578947368,1.0019131180525778,0.859653128794877,1.1741636053960096,0.03018424147393179,false
2025-07-17,2026-04-27,wind_consumption,0,0,0,4465,,,,,0.0,false
2025-07-17,2026-04-27,wind_electricity,223,127,174,7294,0.033698049686556694,1.0073677160080374,0.9418424284206217,1.0661074353001703,0.02329941081949652,false
